<BackupInst xmlns="http://www.microsoft.com/GroupPolicy/GPOOperations/Manifest"><GPOGuid><![CDATA[{84746747-87B7-451A-8A18-685ACA533824}]]></GPOGuid><GPODomain><![CDATA[access.elliottfieldsjr.com]]></GPODomain><GPODomainGuid><![CDATA[{875da8cd-6146-43dc-bd49-14c588426fc4}]]></GPODomainGuid><GPODomainController><![CDATA[forest1-dc-01.access.elliottfieldsjr.com]]></GPODomainController><BackupTime><![CDATA[2019-10-01T18:00:43]]></BackupTime><ID><![CDATA[{EC04DF04-A647-4A3E-9247-51B4CB137F5F}]]></ID><Comment><![CDATA[]]></Comment><GPODisplayName><![CDATA[PowerShell-ExecutionPolicy]]></GPODisplayName></BackupInst>
